{
  "stats": {
    "tconstruct:binding": {},
    "tconstruct:grip": {
      "accuracy": 3.4028235E38,
      "durability": 3.4028235E38,
      "melee_damage": 3.4028235E38
    },
    "tconstruct:handle": {
      "durability": 2.1474836E7,
      "melee_damage": 2.1474836E7,
      "melee_speed": 2.1474836E7,
      "mining_speed": 2.1474836E7
    },
    "tconstruct:head": {
      "durability": 2147483647,
      "melee_attack": 3.4028235E38,
      "mining_speed": 3.4028235E38,
      "mining_tier": "tconstructmtk:mtk"
    },
    "tconstruct:limb": {
      "accuracy": 3.4028235E38,
      "draw_speed": 3.4028235E38,
      "durability": 2147483647,
      "velocity": 3.4028235E38
    }
  }
}